{"log": {"training_stat": [[0.4937983056580698, 0.1493865956325789, 0.08408270063935905, 0.05915766960714717, 0.03507905675576547, 0.030258031901777595, 0.022726812733437966, 0.016911941498669016, 0.01588202749592932, 0.011086369616080177, 0.012644822079990362, 0.00993510295410414, 0.008338907543204826, 0.0062033820195702485, 0.004554566157969168, 0.006043681531131419, 0.006687085019940561, 0.008068704094290984, 0.004201070139675426, 0.012292916653677821, 0.005852979949260181, 0.005551404199355307, 0.004557298889660553, 0.0036113078869577193, 0.0039348947238239985, 0.004740970845592233, 0.003660323952538641, 0.006120221691703223, 0.0036953156668459997, 0.004193848061117319], [0.29134915130478994, 0.16525241200413024, 0.12178670402084078, 0.1054701501769679, 0.08771849210773196, 0.08596156697188105, 0.07299755859587874, 0.06947677795376096, 0.06224660601999078, 0.06165307427623442, 0.06321341344820601, 0.05727463987256799, 0.05853755971682923, 0.05534308024549058, 0.057995087067995756, 0.060078048546399386, 0.05048160707311971, 0.06018362633351769, 0.05444970999711326, 0.07139429330293622, 0.05056971364787647, 0.05626327438013894, 0.052458037356180806, 0.04967921919056347, 0.05272951070219278, 0.05159963294863701, 0.05091194515781743, 0.053026441750781875, 0.05190882785245776, 0.05122300011238882], [0.7560767590618337, 0.9590618336886994, 0.9778251599147122, 0.9872068230277186, 0.9931769722814499, 0.9936034115138592, 0.9957356076759062, 0.9982942430703625, 0.9987206823027719, 1.0, 0.9982942430703625, 0.9987206823027719, 1.0, 0.9995735607675906, 1.0, 0.9995735607675906, 1.0, 0.9995735607675906, 1.0, 0.9995735607675906, 1.0, 1.0, 0.9995735607675906, 1.0, 1.0, 0.9995735607675906, 1.0, 0.9991471215351813, 1.0, 1.0], [0.9099099099099099, 0.9459459459459459, 0.954954954954955, 0.9594594594594594, 0.963963963963964, 0.9594594594594594, 0.972972972972973, 0.9684684684684685, 0.9774774774774775, 0.972972972972973, 0.972972972972973, 0.972972972972973, 0.9774774774774775, 0.9819819819819819, 0.9774774774774775, 0.9774774774774775, 0.9819819819819819, 0.972972972972973, 0.9774774774774775, 0.9684684684684685, 0.972972972972973, 0.9774774774774775, 0.9819819819819819, 0.9819819819819819, 0.9774774774774775, 0.9774774774774775, 0.9774774774774775, 0.9774774774774775, 0.9774774774774775, 0.9819819819819819]], "quantized_acc": 0.9774774774774775}}